molecule,isotope,mode_index,raw_frequency_cm-1,scale_factor,scaled_frequency_cm-1,method,basis_set,source
H2S,32S,1,1249.55,0.9619,1201.9421,B3LYP,6-31G(d),H2S_opt_freq.log
H2S,32S,2,2691.97,0.9619,2589.4059,B3LYP,6-31G(d),H2S_opt_freq.log
H2S,32S,3,2712.32,0.9619,2608.9806,B3LYP,6-31G(d),H2S_opt_freq.log
H2S,34S,1,1248.39,0.9619,1200.8263,B3LYP,6-31G(d),H2S_34S_opt_freq.log
H2S,34S,2,2689.78,0.9619,2587.2994,B3LYP,6-31G(d),H2S_34S_opt_freq.log
H2S,34S,3,2709.77,0.9619,2606.5278,B3LYP,6-31G(d),H2S_34S_opt_freq.log
SO2,32S,1,502.72,0.9619,483.5664,B3LYP,6-31G(d),SO2_opt_freq.log
SO2,32S,2,1140.99,0.9619,1097.5183,B3LYP,6-31G(d),SO2_opt_freq.log
SO2,32S,3,1338.21,0.9619,1287.2242,B3LYP,6-31G(d),SO2_opt_freq.log
SO2,34S,1,498.56,0.9619,479.5649,B3LYP,6-31G(d),SO2_34S_opt_freq.log
SO2,34S,2,1133.48,0.9619,1090.2944,B3LYP,6-31G(d),SO2_34S_opt_freq.log
SO2,34S,3,1321.33,0.9619,1270.9873,B3LYP,6-31G(d),SO2_34S_opt_freq.log
SO4_2-,32S,1,393.99,0.9619,378.9790,B3LYP,6-31+G(d),SO4_2-_opt_freq.log
SO4_2-,32S,2,394.17,0.9619,379.1521,B3LYP,6-31+G(d),SO4_2-_opt_freq.log
SO4_2-,32S,3,554.91,0.9619,533.7679,B3LYP,6-31+G(d),SO4_2-_opt_freq.log
SO4_2-,32S,4,554.93,0.9619,533.7872,B3LYP,6-31+G(d),SO4_2-_opt_freq.log
SO4_2-,32S,5,555.03,0.9619,533.8834,B3LYP,6-31+G(d),SO4_2-_opt_freq.log
SO4_2-,32S,6,863.86,0.9619,830.9469,B3LYP,6-31+G(d),SO4_2-_opt_freq.log
SO4_2-,32S,7,1001.12,0.9619,962.9773,B3LYP,6-31+G(d),SO4_2-_opt_freq.log
SO4_2-,32S,8,1001.16,0.9619,963.0158,B3LYP,6-31+G(d),SO4_2-_opt_freq.log
SO4_2-,32S,9,1001.46,0.9619,963.3044,B3LYP,6-31+G(d),SO4_2-_opt_freq.log
SO4_2-,34S,1,393.99,0.9619,378.9790,B3LYP,6-31+G(d),SO4_2-_34S_opt_freq.log
SO4_2-,34S,2,394.17,0.9619,379.1521,B3LYP,6-31+G(d),SO4_2-_34S_opt_freq.log
SO4_2-,34S,3,551.76,0.9619,530.7379,B3LYP,6-31+G(d),SO4_2-_34S_opt_freq.log
SO4_2-,34S,4,551.79,0.9619,530.7668,B3LYP,6-31+G(d),SO4_2-_34S_opt_freq.log
SO4_2-,34S,5,551.88,0.9619,530.8534,B3LYP,6-31+G(d),SO4_2-_34S_opt_freq.log
SO4_2-,34S,6,863.86,0.9619,830.9469,B3LYP,6-31+G(d),SO4_2-_34S_opt_freq.log
SO4_2-,34S,7,986.92,0.9619,949.3183,B3LYP,6-31+G(d),SO4_2-_34S_opt_freq.log
SO4_2-,34S,8,986.95,0.9619,949.3472,B3LYP,6-31+G(d),SO4_2-_34S_opt_freq.log
SO4_2-,34S,9,987.25,0.9619,949.6358,B3LYP,6-31+G(d),SO4_2-_34S_opt_freq.log
