T(K),H₂S_beta,H₂S_1000lnb,SO₂_beta,SO₂_1000lnb,SO₄²⁻_beta,SO₄²⁻_1000lnb
273,1.012358,12.282,1.047902,46.790,1.079520,76.517
298,1.011094,11.033,1.041981,41.124,1.068832,66.567
323,1.010030,9.980,1.037083,36.412,1.060122,58.384
373,1.008340,8.305,1.029509,29.082,1.046930,45.862
473,1.006062,6.043,1.019862,19.667,1.030710,30.248
573,1.004613,4.603,1.014200,14.100,1.021552,21.323
773,1.002919,2.915,1.008217,8.183,1.012209,12.135
973,1.001998,1.996,1.005319,5.305,1.007818,7.788
1273,1.001250,1.249,1.003167,3.162,1.004616,4.606
