元素,KREEP玄武岩15386_ppm,月海玄武岩15555_ppm,KREEP_月海比值,CI球粒陨石_ppm,15386_CI标准化,15555_CI标准化
La,84.1,4.73,17.780126849894287,0.237,354.8523206751055,19.957805907173
Ce,213.1,11.8,18.059322033898304,0.613,347.6345840130506,19.249592169657426
Pr,30.0,1.79,16.75977653631285,0.0928,323.2758620689655,19.288793103448278
Nd,125.6,8.4,14.95238095238095,0.457,274.835886214442,18.38074398249453
Sm,36.5,2.73,13.36996336996337,0.153,238.56209150326796,17.84313725490196
Eu,2.78,0.78,3.564102564102564,0.058,47.93103448275861,13.448275862068964
Gd,43.9,3.61,12.160664819944598,0.199,220.60301507537687,18.140703517587937
Tb,7.51,0.64,11.734375,0.0361,208.0332409972299,17.72853185595568
Dy,45.7,4.08,11.200980392156863,0.246,185.77235772357724,16.585365853658537
Ho,10.3,0.81,12.716049382716049,0.0546,188.64468864468864,14.835164835164836
Er,28.3,2.25,12.577777777777778,0.16,176.875,14.0625
Tm,3.97,0.31,12.806451612903226,0.0247,160.72874493927125,12.550607287449393
Yb,26.2,1.94,13.505154639175258,0.161,162.73291925465838,12.049689440993788
Lu,3.59,0.25,14.36,0.0246,145.9349593495935,10.16260162601626
